{"train/global_step":78,"train/num_tokens":4.656476e+06,"train/epoch":2,"train/grad_norm":3.914381265640259,"train_runtime":323.3162,"_runtime":322,"train/learning_rate":1.1538461538461539e-07,"train/mean_token_accuracy":0.7570544697542106,"_wandb":{"runtime":322},"train_samples_per_second":15.056,"train/loss":0.8977,"train_steps_per_second":0.241,"total_flos":3.94111299354624e+16,"_timestamp":1.7530854358134663e+09,"_step":7,"train_loss":1.0719457834194868}