{"train/global_step":108,"train/num_tokens":6.511437e+06,"train_loss":0.964076695618806,"train/mean_token_accuracy":0.782742355752179,"train/epoch":3,"train/loss":0.7823,"train_runtime":437.2764,"train_steps_per_second":0.247,"_step":10,"train_samples_per_second":15.766,"_runtime":435,"_timestamp":1.7532443324872944e+09,"train/grad_norm":1.7697135210037231,"_wandb":{"runtime":435},"total_flos":5.579031306253107e+16,"train/learning_rate":8.333333333333333e-08}