{"train/loss":0.8192,"train/global_step":99,"train_steps_per_second":0.247,"train_samples_per_second":15.607,"_step":9,"train_runtime":400.9799,"train/epoch":3,"_timestamp":1.7533418792598639e+09,"train_loss":0.998378392421838,"_runtime":399,"train/grad_norm":1.9862812757492065,"train/learning_rate":1.01010101010101e-07,"train/num_tokens":5.90869e+06,"_wandb":{"runtime":399},"total_flos":5.045283211286938e+16,"train/mean_token_accuracy":0.771540184383807}