{"_wandb":{"runtime":291},"total_flos":2.995809347960832e+16,"train/grad_norm":1.7099772691726685,"train_loss":0.9503182516259662,"train_runtime":292.6333,"train/global_step":118,"train/num_tokens":3.542628e+06,"_step":11,"train/loss":0.7575,"train/mean_token_accuracy":0.783943991539842,"_runtime":291,"train/epoch":2,"_timestamp":1.7529140359458168e+09,"train_steps_per_second":0.403,"train_samples_per_second":12.767,"train/learning_rate":7.627118644067796e-08}