{"train/num_tokens":1.231626e+06,"train_samples_per_second":11.43,"train_loss":1.211608482443768,"_timestamp":1.7527705604695575e+09,"train/mean_token_accuracy":0.6957110975469861,"train/grad_norm":4.630249500274658,"train/global_step":46,"train/epoch":2,"train/loss":1.1587,"_runtime":122,"total_flos":1.0508056785846272e+16,"train_runtime":124.0553,"_wandb":{"runtime":122},"train_steps_per_second":0.371,"_step":4,"train/learning_rate":1.5217391304347825e-07}