{"train_runtime":306.2123,"train/learning_rate":4.032258064516129e-08,"train_loss":0.9288984517897328,"train/num_tokens":3.711048e+06,"train/grad_norm":1.6772576570510864,"_step":12,"_runtime":304,"train_steps_per_second":0.405,"train/global_step":124,"train/mean_token_accuracy":0.7910394978523254,"total_flos":3.1426811636219904e+16,"train/epoch":2,"_timestamp":1.752945790422179e+09,"train_samples_per_second":12.756,"train/loss":0.7576,"_wandb":{"runtime":304}}