{"train_runtime":401.6746,"train/loss":0.8195,"_timestamp":1.7532437693811522e+09,"_runtime":400,"_wandb":{"runtime":400},"_step":9,"train/epoch":3,"total_flos":5.044754661874074e+16,"train_steps_per_second":0.246,"train/num_tokens":5.908072e+06,"train/global_step":99,"train/mean_token_accuracy":0.7714572017607482,"train/learning_rate":1.01010101010101e-07,"train/grad_norm":1.9932620525360107,"train_loss":0.9984188272495462,"train_samples_per_second":15.58}