{"_step":4,"train_runtime":123.5988,"_timestamp":1.752771140917107e+09,"_runtime":122,"train/loss":1.1117,"train_samples_per_second":11.473,"train/mean_token_accuracy":0.7084490004039946,"train_loss":1.161068802294524,"train_steps_per_second":0.372,"total_flos":1.069092723228672e+16,"train/epoch":2,"train/global_step":46,"_wandb":{"runtime":122},"train/num_tokens":1.253181e+06,"train/learning_rate":1.5217391304347825e-07,"train/grad_norm":4.261903762817383}