{"train_samples_per_second":15.617,"train_steps_per_second":0.245,"train/grad_norm":1.7578343152999878,"train/epoch":3,"train_loss":0.9638470896968135,"train/loss":0.7812,"_step":10,"train/mean_token_accuracy":0.7827689572582095,"_timestamp":1.7533413460306933e+09,"_wandb":{"runtime":439},"total_flos":5.579533602678374e+16,"train/global_step":108,"train_runtime":441.4347,"train/learning_rate":8.333333333333333e-08,"_runtime":439,"train/num_tokens":6.512023e+06}