{"train/learning_rate":4.3010752688172045e-08,"train/loss":0.7957,"train/num_tokens":5.498095e+06,"total_flos":4.714161070145536e+16,"_timestamp":1.75294818686336e+09,"train_runtime":381.7815,"train_loss":1.0072102264691425,"_runtime":380,"train/global_step":93,"train/grad_norm":2.4908413887023926,"_step":9,"train/mean_token_accuracy":0.7773288343010879,"_wandb":{"runtime":380},"train_samples_per_second":15.346,"train_steps_per_second":0.244,"train/epoch":3}