{"train/global_step":94,"_timestamp":1.7531640742674813e+09,"_step":9,"total_flos":4.867675509070234e+16,"train_runtime":377.6343,"train_samples_per_second":15.825,"_runtime":375,"train/mean_token_accuracy":0.7794677039324227,"train_steps_per_second":0.249,"train/epoch":2,"train/loss":0.7999,"train_loss":0.9964476012169047,"train/grad_norm":2.1518490314483643,"_wandb":{"runtime":375},"train/learning_rate":5.3191489361702123e-08,"train/num_tokens":5.756162e+06}