{"train/global_step":141,"train/num_tokens":8.634243e+06,"total_flos":7.301513364268646e+16,"_timestamp":1.7531649892311666e+09,"train/learning_rate":1.4184397163120567e-08,"train_steps_per_second":0.251,"_step":14,"_runtime":559,"train_loss":0.8821567482982121,"train/mean_token_accuracy":0.8025075576522134,"train/loss":0.7083,"train_runtime":561.6859,"train_samples_per_second":15.959,"train/epoch":3,"_wandb":{"runtime":559},"train/grad_norm":1.5083677768707275}