{"_runtime":325,"train_runtime":327.1168,"_step":13,"_wandb":{"runtime":325},"train_steps_per_second":0.404,"train/epoch":2,"train_samples_per_second":12.827,"_timestamp":1.752912844479337e+09,"train/learning_rate":2.2727272727272725e-08,"total_flos":3.384419227061453e+16,"train/grad_norm":1.6233854293823242,"train/loss":0.7513,"train/mean_token_accuracy":0.7831568397008456,"train/global_step":132,"train_loss":0.9124556897264539,"train/num_tokens":3.982962e+06}