{"train_loss":0.9641953309377035,"train/num_tokens":6.512023e+06,"total_flos":5.579533602678374e+16,"train/mean_token_accuracy":0.7826718336015236,"_timestamp":1.7540153848800805e+09,"train/epoch":3,"train_runtime":429.0753,"train/learning_rate":8.333333333333333e-08,"_wandb":{"runtime":427},"_runtime":427,"train_samples_per_second":16.067,"train/global_step":108,"_step":10,"train/loss":0.7814,"train_steps_per_second":0.252,"train/grad_norm":1.7867603302001953}