{"total_flos":4.291522517480243e+16,"train_samples_per_second":14.961,"train/grad_norm":2.6584982872009277,"train/num_tokens":5.065054e+06,"train/epoch":2,"train/mean_token_accuracy":0.7778069208253104,"_wandb":{"runtime":351},"_runtime":351,"train_runtime":353.3244,"train_steps_per_second":0.238,"_step":8,"train_loss":1.032056626819429,"train/learning_rate":5.9523809523809515e-08,"train/global_step":84,"_timestamp":1.7530858670395372e+09,"train/loss":0.8371}