{"train_loss":0.9112604323661688,"_runtime":517,"train_runtime":518.9906,"total_flos":6.783730998208102e+16,"train/mean_token_accuracy":0.7803574204444885,"train/num_tokens":7.977257e+06,"train/learning_rate":2.2727272727272725e-08,"train/global_step":132,"train_samples_per_second":16.081,"_timestamp":1.7531655824412022e+09,"train/loss":0.7258,"_step":13,"train/grad_norm":1.4127774238586426,"_wandb":{"runtime":517},"train_steps_per_second":0.254,"train/epoch":3}