{"train_samples_per_second":15.279,"train/epoch":3,"_runtime":339,"train/learning_rate":5.9523809523809515e-08,"train_loss":1.048840221904573,"_wandb":{"runtime":339},"train/grad_norm":2.6393351554870605,"train/loss":0.8589,"train/global_step":84,"train_runtime":341.2615,"_timestamp":1.7529486528467813e+09,"train/mean_token_accuracy":0.7674477860039356,"_step":8,"total_flos":4.172939114682778e+16,"train/num_tokens":4.917663e+06,"train_steps_per_second":0.246}