{"train_runtime":272.8965,"train_samples_per_second":12.737,"train/grad_norm":2.2227866649627686,"train/num_tokens":3.278667e+06,"_runtime":271,"train_loss":0.9720459201119163,"train/learning_rate":9.09090909090909e-09,"train/global_step":110,"train_steps_per_second":0.403,"train/loss":0.7892,"train/epoch":2,"train/mean_token_accuracy":0.7743757088979085,"_wandb":{"runtime":271},"_step":11,"total_flos":2.7818549078654976e+16,"_timestamp":1.75294536508228e+09}