{"train_loss":1.1419775772094727,"train/epoch":2,"train/global_step":50,"_wandb":{"runtime":134},"train/loss":1.0831,"_timestamp":1.7528167612370532e+09,"train_runtime":135.7439,"train_steps_per_second":0.368,"_runtime":134,"train/mean_token_accuracy":0.7169616841062715,"train_samples_per_second":11.713,"_step":5,"train/grad_norm":3.9032413959503174,"train/num_tokens":1.412104e+06,"total_flos":1.2054202062733312e+16,"train/learning_rate":2e-08}